,Country_Name,Life_Expectancy,year,pf_rol,pf_ss,pf_movement,pf_religion,pf_association,pf_expression,pf_identity,pf_score,ef_government,ef_legal,ef_money,ef_trade,ef_regulation,ef_score,hf_score,region,happiness_rank,happiness_score,economy_gdp_per_capita,family,health_life_expectancy,freedom,trust_government_corruption,generosity,dystopia_residual
0,Angola,59.39800000,2015,3.512106161,8.297864524,5.000000000,8.757037037,4.000000000,6.547619048,7.500000000,6.132958280,6.155508356,2.960263718,6.885464760,5.143997963,6.065583361,5.44,5.786479140,Sub-Saharan Africa,137,4.033,0.75778,0.86040,0.16683,0.10384,0.07122,0.12344,1.94939
1,Albania,78.02500000,2015,5.164786073,8.865642363,6.666666667,9.235185185,10.000000000,8.642857143,6.250000000,7.587078008,7.923799103,5.003488819,9.585625237,8.112451744,7.035654872,7.53,7.558539004,Central and Eastern Europe,95,4.959,0.87867,0.80434,0.81325,0.35733,0.06413,0.14272,1.89894
2,United Arab Emirates,77.28500000,2015,6.333748881,8.023720505,3.333333333,5.124074074,0.500000000,6.153469156,0E-9,5.100455003,6.729955528,5.976645951,8.417219268,8.220144361,7.918170325,7.45,6.275227501,Middle East and Northern Africa,20,6.901,1.42727,1.12575,0.80925,0.64157,0.38583,0.26428,2.24743
3,Argentina,76.06800000,2015,5.535099829,8.962107772,10.000000000,7.888888889,7.500000000,8.619047619,10.000000000,8.025095551,5.333556135,3.816361620,6.455330731,3.730787481,5.549339485,4.98,6.502547776,Latin America and Caribbean,30,6.574,1.05351,1.24823,0.78723,0.44974,0.08484,0.11451,2.83600
4,Armenia,74.46700000,2015,4.679989714,8.930382953,6.666666667,6.370370370,6.500000000,7.154761905,8.000000000,6.871773061,7.070956595,5.777803721,9.481225478,8.242619487,7.364916892,7.59,7.230886530,Central and Eastern Europe,127,4.350,0.76821,0.77711,0.72990,0.19847,0.03900,0.07855,1.75873
5,Australia,82.40000000,2015,7.893906437,9.865921211,10.000000000,9.140740741,10.000000000,9.357142857,9.250000000,9.214745272,6.593442850,7.994810648,9.360138510,7.600742440,8.456478260,8.00,8.607372636,Australia and New Zealand,10,7.284,1.33358,1.30923,0.93156,0.65124,0.35637,0.43562,2.26646
6,Austria,81.19024390,2015,8.577467629,9.929328543,10.000000000,8.233333333,10.000000000,9.297619048,10.000000000,9.379794281,5.073794924,8.015541357,9.616600404,8.121947090,7.388044299,7.64,8.509897141,Western Europe,13,7.200,1.33723,1.29704,0.89042,0.62433,0.18676,0.33088,2.53320
7,Azerbaijan,72.26600000,2015,4.262049381,8.826463112,5.000000000,5.689259259,3.000000000,2.863230245,6.250000000,5.552377074,5.190154896,5.321383003,7.307812065,7.103099424,6.977047604,6.38,5.966188537,Central and Eastern Europe,80,5.212,1.02389,0.93793,0.64045,0.37030,0.16065,0.07799,2.00073
8,Burundi,60.12300000,2015,3.428378316,6.232125436,1.666666667,7.314814815,1.500000000,1.944577628,5.833333333,4.241065182,6.117647059,3.091825410,7.778224417,6.104367318,6.259963671,5.87,5.055532591,Sub-Saharan Africa,157,2.905,0.01530,0.41587,0.22396,0.11850,0.10062,0.19727,1.83302
9,Belgium,80.99268293,2015,8.075732926,9.740135637,10.000000000,8.305555556,10.000000000,9.761904762,9.250000000,9.185713173,3.854074508,7.254599508,9.664241683,8.260089940,8.098134701,7.43,8.307856586,Western Europe,19,6.937,1.30782,1.28566,0.89667,0.58450,0.22540,0.22250,2.41484
10,Benin,60.60800000,2015,4.296936351,8.031187091,6.666666667,9.877777778,9.500000000,8.952380952,10.000000000,7.581713400,5.797280424,3.580765453,6.934990574,5.924920312,6.676452396,5.78,6.680856700,Sub-Saharan Africa,155,3.340,0.28665,0.35386,0.31910,0.48450,0.08010,0.18260,1.63328
11,Burkina Faso,59.91900000,2015,4.407680340,8.370018747,8.333333333,8.161481481,7.500000000,7.738095238,10.000000000,7.367715777,5.562500000,3.597581138,6.959041731,6.611367436,7.416259395,6.03,6.698857888,Sub-Saharan Africa,152,3.587,0.25812,0.85188,0.27125,0.39493,0.12832,0.21747,1.46494
12,Bangladesh,71.51400000,2015,3.090543409,7.542737251,5.000000000,6.557777778,7.000000000,6.531109157,1.250000000,5.292208858,8.862029942,3.017133950,7.029423310,5.990862276,6.728536093,6.33,5.811104429,Southern Asia,109,4.694,0.39753,0.43106,0.60164,0.40820,0.12569,0.21222,2.51767
13,Bulgaria,74.61463415,2015,5.209517109,9.760358771,10.000000000,7.352222222,9.500000000,8.857142857,9.250000000,8.238405478,7.019716166,4.883130213,9.355065492,8.133586308,7.583775783,7.40,7.819202739,Central and Eastern Europe,134,4.218,1.01216,1.10614,0.76649,0.30587,0.00872,0.11921,0.89991
14,Bahrain,76.76200000,2015,5.972326253,7.746455847,6.666666667,7.761111111,5.000000000,4.130952381,3.333333333,6.118901874,6.767397932,5.265601604,9.182060969,7.425336752,8.234171275,7.37,6.744450937,Middle East and Northern Africa,49,5.960,1.32376,1.21624,0.74716,0.45492,0.30600,0.17362,1.73797
15,Bosnia and Herzegovina,76.86500000,2015,5.834004367,9.018850840,6.666666667,8.781481481,9.500000000,8.702380952,9.250000000,8.003266712,5.335100673,4.239211420,8.462580284,7.777568764,7.312599848,6.63,7.316633356,Central and Eastern Europe,96,4.949,0.83223,0.91916,0.79081,0.09245,0.00227,0.24808,2.06367
16,Bolivia,70.27700000,2015,3.499504426,8.443566798,10.000000000,8.625925926,6.500000000,8.535714286,10.000000000,7.351931827,6.168686889,3.581133884,8.727218031,6.847370246,4.950571175,6.05,6.700965914,Latin America and Caribbean,51,5.890,0.68133,0.97841,0.53920,0.57414,0.08800,0.20536,2.82334
17,Brazil,74.99400000,2015,4.803456119,6.110787427,10.000000000,7.717037037,6.500000000,8.040351008,7.500000000,6.704299691,5.152475950,4.451300180,7.965807686,6.901220500,4.297102904,5.75,6.227149845,Latin America and Caribbean,16,6.983,0.98124,1.23287,0.69702,0.49049,0.17521,0.14574,3.26001
18,Canada,81.90000000,2015,7.700447121,9.775239148,10.000000000,8.850000000,10.000000000,9.511904762,9.250000000,9.130112043,5.754943662,7.850680117,9.582510675,7.873761603,8.501366871,7.91,8.520056022,North America,5,7.427,1.32629,1.32261,0.90563,0.63297,0.32957,0.45811,2.45176
19,Switzerland,82.89756098,2015,8.393828928,9.630873532,10.000000000,8.610740741,10.000000000,9.666666667,9.250000000,9.258916356,7.422625163,8.575948751,9.805207887,7.544713840,8.485415547,8.37,8.814458178,Western Europe,1,7.587,1.39651,1.34951,0.94143,0.66557,0.41978,0.29678,2.51738
20,Chile,79.64600000,2015,6.676721530,9.043604053,10.000000000,9.194444444,10.000000000,9.154761905,5.000000000,8.265002031,7.899381032,6.450117633,9.310170579,8.213421767,7.092824665,7.79,8.027501015,Latin America and Caribbean,27,6.670,1.10715,1.12447,0.85857,0.44132,0.12869,0.33363,2.67585
21,China,75.92800000,2015,4.650841236,7.520505274,3.333333333,4.107777778,1.500000000,5.127521998,9.250000000,5.374699938,5.060334188,5.633083765,8.281163147,6.632616699,6.328628522,6.39,5.882349969,Eastern Asia,84,5.140,0.89012,0.94675,0.81658,0.51697,0.02781,0.08185,1.86040
22,Cameroon,57.58300000,2015,3.091677133,5.829825663,3.333333333,8.109629630,5.500000000,7.032676180,5.000000000,5.127939613,7.369716215,3.257379298,7.096359376,4.961704650,6.279913398,5.79,5.458969807,Sub-Saharan Africa,133,4.252,0.42250,0.88767,0.23402,0.49309,0.05786,0.20618,1.95071
23,Colombia,76.53100000,2015,4.465114576,5.193220915,8.333333333,9.014814815,10.000000000,7.563757674,10.000000000,6.905774455,6.844612333,3.793774688,8.026137533,6.914973382,7.170419033,6.55,6.727887227,Latin America and Caribbean,33,6.477,0.91861,1.24018,0.69077,0.53466,0.05120,0.18401,2.85737
24,Costa Rica,79.56500000,2015,6.683970930,8.455304642,10.000000000,8.770370370,9.500000000,9.559523810,6.875000000,8.255308311,7.598125423,5.768980090,9.759381305,7.992057134,6.433113912,7.51,7.882654156,Latin America and Caribbean,12,7.226,0.95578,1.23788,0.86027,0.63376,0.10583,0.25497,3.17728
25,Cyprus,80.35000000,2015,6.858831213,9.661065819,10.000000000,7.487037037,8.500000000,9.404761905,10.000000000,8.669154152,7.268393185,5.836172166,9.686253954,8.219853784,7.438795108,7.69,8.179577076,Western Europe,67,5.689,1.20813,0.89318,0.92356,0.40672,0.06146,0.30638,1.88931
26,Germany,80.64146341,2015,8.300566731,9.878752348,10.000000000,8.103703704,10.000000000,9.357142857,10.000000000,9.290914426,5.511018212,7.445366969,9.649703585,7.920584690,7.846373993,7.67,8.480457213,Western Europe,26,6.750,1.32792,1.29937,0.89186,0.61477,0.21843,0.28214,2.11569
27,Denmark,80.70243902,2015,8.723093731,9.849195699,10.000000000,7.739259259,9.500000000,9.690476190,10.000000000,9.336045903,4.108414157,8.246872137,9.609380791,8.415699650,8.352165515,7.75,8.543022951,Western Europe,3,7.527,1.32548,1.36058,0.87464,0.64938,0.48357,0.34139,2.49204
28,Algeria,76.09000000,2015,3.895039415,8.017162957,5.000000000,5.322592593,5.000000000,7.416666667,0.833333333,5.335309852,3.482223430,4.551817203,6.852789873,4.008431962,5.264769527,4.83,5.082654926,Middle East and Northern Africa,68,5.605,0.93929,1.07772,0.61766,0.28579,0.17383,0.07822,2.43209
29,Ecuador,76.14300000,2015,4.205823615,8.795361784,10.000000000,7.583333333,6.500000000,7.940476190,10.000000000,7.452677302,5.825761340,3.893149081,8.098291578,6.532037884,6.086201446,6.09,6.771338651,Latin America and Caribbean,48,5.975,0.86402,0.99903,0.79075,0.48574,0.18090,0.11541,2.53942
30,Spain,82.83170732,2015,6.961543911,9.635436244,10.000000000,8.762592593,9.500000000,9.214285714,9.250000000,8.821932869,5.734978080,6.803340149,9.762675446,8.012128861,7.337976939,7.53,8.175966435,Western Europe,36,6.329,1.23011,1.31379,0.95562,0.45951,0.06398,0.18227,2.12367
31,Estonia,77.59024390,2015,7.576379547,9.574248415,10.000000000,8.385185185,9.500000000,9.619047619,9.250000000,8.963080271,5.893282681,7.509630596,9.489331062,8.538518317,8.196134081,7.93,8.446540136,Central and Eastern Europe,73,5.429,1.15174,1.22791,0.77361,0.44888,0.15184,0.08680,1.58782
32,Ethiopia,65.04800000,2015,3.041632015,6.919794484,6.666666667,6.374074074,1.500000000,5.452199340,6.666666667,5.156317299,6.622004484,4.607092409,5.491064740,4.971753193,6.042669411,5.55,5.353158650,Sub-Saharan Africa,122,4.512,0.19073,0.60406,0.44055,0.43450,0.15048,0.24325,2.44876
33,Finland,81.48048780,2015,8.670918629,9.798124871,10.000000000,8.953703704,10.000000000,9.702380952,9.250000000,9.407869341,4.127550513,8.881498661,9.604256393,8.240158660,7.675031453,7.71,8.558934670,Western Europe,6,7.406,1.29025,1.31826,0.88911,0.64169,0.41372,0.23351,2.61955
34,France,82.32195122,2015,6.911610320,9.704106536,10.000000000,7.298518519,10.000000000,7.750000000,10.000000000,8.658781066,4.194322649,7.065324981,9.765807751,8.248059503,7.494228997,7.35,8.004390533,Western Europe,29,6.575,1.27778,1.26038,0.94579,0.55011,0.20646,0.12332,2.21126
35,Gabon,64.91300000,2015,4.368388171,8.038732871,0E-9,8.550000000,4.000000000,6.285714286,3.333333333,5.318685022,6.268492547,3.900636296,6.431658009,5.691934877,6.614898571,5.78,5.549342511,Sub-Saharan Africa,143,3.896,1.06024,0.90528,0.43372,0.31914,0.11091,0.06822,0.99895
36,United Kingdom,80.95609756,2015,7.773074205,9.862630309,10.000000000,7.884814815,10.000000000,9.250000000,9.250000000,9.047407610,5.639386473,7.921504871,9.841926558,8.418714430,8.247220471,8.01,8.528703805,Western Europe,21,6.867,1.26637,1.28548,0.90943,0.59625,0.32067,0.51912,1.96994
37,Georgia,72.97300000,2015,5.952242489,8.701384395,8.333333333,7.635555556,8.500000000,8.666666667,8.000000000,7.776962277,7.635342769,6.568152767,8.990327388,8.664168807,8.042172585,7.98,7.878481138,Central and Eastern Europe,130,4.297,0.74190,0.38562,0.72926,0.40577,0.38331,0.05547,1.59541
38,Ghana,62.77200000,2015,5.315316304,9.008827092,10.000000000,7.987037037,7.500000000,8.315412622,7.500000000,7.711280815,6.966753486,5.441843960,6.867122454,6.514389495,6.809536821,6.52,7.115640407,Sub-Saharan Africa,114,4.633,0.54558,0.67954,0.40132,0.42342,0.04355,0.23087,2.30919
39,Guinea,59.59800000,2015,3.346386441,7.028251798,3.333333333,8.675925926,9.000000000,6.988095238,1.666666667,5.560061676,6.398039216,2.976011266,7.780836612,4.952528144,6.608530123,5.74,5.650030838,Sub-Saharan Africa,150,3.656,0.17417,0.46475,0.24009,0.37725,0.12139,0.28657,1.99172
40,Greece,81.03658537,2015,5.947156917,8.996054490,10.000000000,8.038888889,10.000000000,8.571428571,6.750000000,8.071834598,3.887538532,5.979854238,8.345815591,7.636024044,6.398029053,6.45,7.260917299,Western Europe,102,4.857,1.15406,0.92933,0.88213,0.07699,0.01397,0.00000,1.80101
41,Guatemala,73.25000000,2015,3.920832239,6.333333333,10.000000000,9.027777778,7.500000000,6.892857143,6.250000000,6.530604885,9.486573245,4.482661786,9.629630157,8.221844681,6.648782420,7.69,7.110302443,Latin America and Caribbean,43,6.123,0.74553,1.04356,0.64425,0.57733,0.09472,0.27489,2.74255
42,Honduras,74.49500000,2015,3.263532774,5.944444444,8.333333333,8.694444444,8.500000000,7.928571429,7.500000000,6.397629225,9.034558824,3.991802199,9.357845185,7.419370100,6.948777919,7.35,6.873814613,Latin America and Caribbean,105,4.788,0.59532,0.95348,0.69510,0.40148,0.06825,0.23027,1.84408
43,Croatia,77.27560976,2015,5.841496984,9.883538369,10.000000000,8.335185185,9.000000000,8.571428571,10.000000000,8.521920214,4.683887540,5.693974997,9.281726441,8.178012840,7.350503305,7.04,7.780960107,Central and Eastern Europe,62,5.759,1.08254,0.79624,0.78805,0.25883,0.02430,0.05444,2.75414
44,Haiti,62.48500000,2015,3.355847529,7.772491982,10.000000000,9.175925926,10.000000000,8.238095238,6.875000000,7.210986994,7.667458727,2.478433986,7.762247303,7.781865319,7.014802855,6.54,6.875493497,Latin America and Caribbean,119,4.518,0.26673,0.74302,0.38847,0.24425,0.17175,0.46187,2.24173
45,Hungary,75.56829268,2015,5.864154318,9.532159043,10.000000000,8.046296296,9.000000000,8.892857143,10.000000000,8.442993684,4.765497079,6.038421495,9.491677243,7.908891100,7.722986400,7.19,7.816496842,Central and Eastern Europe,104,4.800,1.12094,1.20215,0.75905,0.32112,0.02758,0.12800,1.24074
46,Indonesia,70.76800000,2015,4.093585354,8.920480629,6.666666667,4.305555556,7.000000000,7.523809524,6.250000000,6.428119670,7.772704636,4.518732007,9.361632550,6.989431454,6.343163804,7.00,6.714059835,Southeastern Asia,74,5.399,0.82827,1.08708,0.63793,0.46611,0.00000,0.51535,1.86399
47,India,68.60700000,2015,4.197374773,7.415244046,6.666666667,5.885185185,7.000000000,7.963887534,5.500000000,6.204728643,7.823854613,5.098356220,8.099949043,5.558794230,6.462361374,6.61,6.407364322,Southern Asia,117,4.565,0.64499,0.38174,0.51529,0.39786,0.08492,0.26475,2.27513
48,Ireland,81.45365854,2015,8.106677731,9.751065703,10.000000000,8.718518519,7.500000000,9.547619048,10.000000000,9.041049615,6.334169810,7.998138486,9.534898929,8.763022235,8.617663659,8.25,8.645524808,Western Europe,18,6.940,1.33596,1.36948,0.89533,0.61777,0.28703,0.45901,1.97570
49,Iceland,82.46829268,2015,7.925369551,9.878877069,10.000000000,8.103703704,10.000000000,9.630952381,9.250000000,9.149527264,5.440940619,8.450045002,7.170466200,7.148335910,8.032681337,7.25,8.199763632,Western Europe,2,7.561,1.30232,1.40223,0.94784,0.62877,0.14145,0.43630,2.70201
50,Israel,82.05121951,2015,7.110583565,9.244018632,1.666666667,6.677407407,10.000000000,8.996194783,10.000000000,7.822677435,6.230323288,6.132119415,9.492215800,8.112342685,7.384474409,7.47,7.646338717,Middle East and Northern Africa,11,7.278,1.22857,1.22393,0.91387,0.41319,0.07785,0.33172,3.08854
51,Italy,82.54390244,2015,6.562639849,9.894689851,10.000000000,8.207407407,9.500000000,9.071428571,9.250000000,8.717216023,5.438315217,5.664803584,9.740915961,8.256774142,7.469066129,7.31,8.013608012,Western Europe,50,5.948,1.25114,1.19777,0.95446,0.26236,0.02901,0.22823,2.02518
52,Jamaica,74.09800000,2015,5.189786736,6.500000000,8.333333333,9.488888889,9.500000000,9.571428571,6.250000000,7.236811763,7.465032479,5.157474738,8.684819980,7.039514085,7.911118346,7.25,7.243405882,Latin America and Caribbean,65,5.709,0.81038,1.15102,0.68741,0.50442,0.02299,0.21230,2.32038
53,Jordan,74.07800000,2015,5.717400929,8.179989552,6.666666667,6.522592593,5.000000000,6.666666667,3.333333333,6.293273546,7.381609179,4.763858993,9.658207434,7.629934308,7.905342185,7.47,6.881636773,Middle East and Northern Africa,82,5.192,0.90198,1.05392,0.69639,0.40661,0.14293,0.11053,1.87996
54,Japan,83.79390244,2015,7.582453683,9.684402323,10.000000000,7.920370370,7.500000000,9.226190476,9.250000000,8.706370086,4.559532430,7.603896561,9.628885834,7.429365340,8.074624021,7.46,8.083185043,Eastern Asia,46,5.987,1.27074,1.25712,0.99111,0.49615,0.18060,0.10705,1.68435
55,Kazakhstan,72.00000000,2015,4.533929223,9.025902786,5.000000000,5.653703704,4.000000000,6.416666667,9.250000000,6.421995039,7.520196516,5.606111942,8.948409024,6.382320669,7.819413676,7.26,6.840997520,Central and Eastern Europe,54,5.855,1.12254,1.12241,0.64368,0.51649,0.08454,0.11827,2.24729
56,Kenya,64.79800000,2015,3.653392125,7.020988632,6.666666667,7.350370370,7.000000000,8.030902222,7.500000000,6.323389115,7.769724167,4.745102997,9.099685277,6.634142518,7.295394539,7.11,6.716694558,Sub-Saharan Africa,125,4.419,0.36471,0.99876,0.41435,0.42215,0.05839,0.37542,1.78555
57,Cambodia,68.63700000,2015,2.669279254,9.587538771,10.000000000,8.729629630,7.500000000,7.940476190,8.333333333,7.314548421,7.886102261,4.354993664,9.295413111,7.310608753,7.157078443,7.20,7.257274211,Southeastern Asia,145,3.819,0.46038,0.62736,0.61114,0.66246,0.07247,0.40359,0.98195
58,Kuwait,75.13000000,2015,5.287818148,7.380155825,5.000000000,5.068148148,4.000000000,7.148935707,1.666666667,5.455368545,6.210112177,4.990165384,7.580700058,6.760854723,7.388872686,6.59,6.022684273,Middle East and Northern Africa,39,6.295,1.55422,1.16594,0.72492,0.55499,0.25609,0.16228,1.87634
59,Lebanon,78.76800000,2015,4.073774974,6.485687740,6.666666667,7.518518519,9.000000000,8.261904762,3.333333333,6.117908007,8.783212690,4.050679036,9.569162912,6.892919148,5.736985942,7.01,6.563954003,Middle East and Northern Africa,103,4.839,1.02564,0.80001,0.83947,0.33916,0.04582,0.21854,1.57059
60,Libya,72.12100000,2015,2.516339442,5.277260860,5.000000000,7.044074074,2.500000000,4.880952381,0.833333333,3.974236054,4.750000000,3.206338892,6.610824533,4.763774850,5.126018399,4.89,4.432118027,Middle East and Northern Africa,63,5.754,1.13145,1.11862,0.70380,0.41668,0.11023,0.18295,2.09066
61,Sri Lanka,76.31600000,2015,4.526403306,8.452219740,6.666666667,6.917037037,5.500000000,7.095238095,1.750000000,6.037549941,8.251502356,5.280256242,6.877745263,5.878852487,6.871586481,6.63,6.333774971,Southern Asia,132,4.271,0.83524,1.01905,0.70806,0.53726,0.09179,0.40828,0.67108
62,Lithuania,74.32195122,2015,6.814692987,9.217806543,10.000000000,8.848148148,10.000000000,9.464285714,10.000000000,8.839368269,7.181097919,6.533776518,9.409066146,8.197829986,8.002407119,7.86,8.349684134,Central and Eastern Europe,56,5.833,1.14723,1.25745,0.73128,0.21342,0.01031,0.02641,2.44649
63,Luxembourg,82.29268293,2015,8.230305676,9.904131225,10.000000000,8.992962963,10.000000000,9.714285714,9.250000000,9.329334093,4.167885568,8.356142386,9.456262324,8.304784786,7.897112364,7.64,8.484667047,Western Europe,17,6.946,1.56391,1.21963,0.91894,0.61583,0.37798,0.28034,1.96961
64,Latvia,74.48048780,2015,6.495442917,9.551688703,10.000000000,8.735185185,10.000000000,9.309523810,10.000000000,8.816253805,6.392998987,6.398926191,9.470722785,8.346437702,8.014936261,7.72,8.268126902,Central and Eastern Europe,89,5.098,1.11312,1.09562,0.72437,0.29671,0.06332,0.18226,1.62215
65,Morocco,75.72600000,2015,3.967915096,8.390437218,8.333333333,4.983333333,5.000000000,7.256572063,3.333333333,5.980245285,5.930140961,5.573495504,7.293196819,6.844371629,6.140230049,6.36,6.170122642,Middle East and Northern Africa,92,5.013,0.73479,0.64095,0.60954,0.41691,0.08546,0.07172,2.45373
66,Moldova,71.47800000,2015,4.492649184,8.685224302,8.333333333,6.364814815,6.000000000,7.369047619,10.000000000,7.101187948,6.429533795,4.247766880,7.793712279,7.438294791,6.925902180,6.57,6.835593974,Central and Eastern Europe,52,5.889,0.59448,1.01528,0.61826,0.32818,0.01615,0.20951,3.10712
67,Madagascar,65.53900000,2015,3.725265401,8.252875827,10.000000000,7.633333333,5.500000000,8.273809524,7.500000000,6.885249593,8.160662766,2.881012258,8.048098568,6.609125378,5.874577124,6.31,6.597624796,Sub-Saharan Africa,147,3.681,0.20824,0.66801,0.46721,0.19184,0.08124,0.21333,1.85100
68,Mexico,74.90400000,2015,3.814465570,6.409523132,10.000000000,7.644444444,8.500000000,7.420710752,10.000000000,6.912512695,7.375364642,4.222496130,8.150228799,7.522561872,7.117423102,6.88,6.896256348,Latin America and Caribbean,14,7.187,1.02054,0.91451,0.81444,0.48181,0.21312,0.14074,3.60214
69,Mali,57.50900000,2015,4.015771616,5.149009950,8.333333333,8.105555556,7.500000000,7.869047619,5.000000000,5.971989042,4.939907278,3.626025957,6.990485785,6.817442842,6.714130436,5.82,5.895994521,Sub-Saharan Africa,138,3.995,0.26074,1.03526,0.20583,0.38857,0.12352,0.18798,1.79293
70,Malta,81.89756098,2015,7.086753702,9.875277508,10.000000000,8.568518519,10.000000000,9.440476190,10.000000000,9.041407273,5.865147075,6.591504680,9.653675092,8.383011055,8.097234921,7.72,8.380703637,Western Europe,37,6.302,1.20740,1.30203,0.88721,0.60365,0.13586,0.51752,1.64880
71,Myanmar,65.81000000,2015,3.232420241,7.876718790,1.666666667,7.244444444,7.000000000,7.768457381,4.375000000,5.582741607,6.297058824,3.421483697,6.299205705,4.963862702,5.611587698,5.32,5.451370803,Southeastern Asia,129,4.307,0.27108,0.70905,0.48246,0.44017,0.19034,0.79588,1.41805
72,Mongolia,69.11100000,2015,5.334011588,8.842536770,10.000000000,8.959259259,8.500000000,8.238095238,9.250000000,8.038872539,8.227589886,5.648352256,9.041661857,6.858224062,7.143677230,7.38,7.709436270,Eastern Asia,100,4.874,0.82819,1.30060,0.60268,0.43626,0.02666,0.33230,1.34759
73,Mozambique,57.20600000,2015,3.838184797,8.646255467,8.333333333,8.072222222,2.500000000,7.678571429,10.000000000,6.779522764,6.112901881,3.965612530,6.390738288,6.420200298,5.236491925,5.63,6.204761382,Sub-Saharan Africa,94,4.971,0.08308,1.02626,0.09131,0.34037,0.15603,0.22269,3.05137
74,Mauritania,63.93600000,2015,3.912662345,5.818886343,8.333333333,6.216666667,5.500000000,6.039380178,0E-9,5.041825190,5.165686275,3.280492271,7.736384048,5.951315043,6.368433212,5.70,5.370912595,Sub-Saharan Africa,124,4.436,0.45407,0.86908,0.35874,0.24232,0.17461,0.21900,2.11773
75,Mauritius,74.35317073,2015,6.605074204,9.222126237,6.666666667,8.218518519,9.000000000,9.357142857,5.000000000,7.781032915,7.556536783,6.472556637,9.590111811,8.362271681,8.141666677,8.02,7.900516457,Sub-Saharan Africa,71,5.477,1.00761,0.98521,0.70950,0.56066,0.07521,0.37744,1.76145
76,Malaysia,75.46100000,2015,5.431853975,8.606313831,5.000000000,4.522592593,4.000000000,6.833333333,4.250000000,5.970134544,6.798132187,5.758780853,7.013203575,7.506636023,8.653177422,7.15,6.560067272,Southeastern Asia,61,5.770,1.12486,1.07023,0.72394,0.53024,0.10501,0.33075,1.88541
77,Niger,60.63100000,2015,4.256511242,6.560966538,6.666666667,7.358148148,5.500000000,5.309523810,4.166666667,5.604469974,6.181132794,3.414027157,6.780420884,5.485204757,6.847945767,5.74,5.672234987,Sub-Saharan Africa,144,3.845,0.06940,0.77265,0.29707,0.47692,0.15639,0.19387,1.87877
78,Nigeria,53.11200000,2015,4.215167659,4.364765343,6.666666667,7.668518519,9.000000000,8.190476190,3.333333333,5.630882721,7.141138140,3.609768459,7.939313483,5.927646393,7.308339742,6.39,6.010441361,Sub-Saharan Africa,78,5.268,0.65435,0.90432,0.16007,0.34334,0.04030,0.27233,2.89319
79,Nicaragua,73.64900000,2015,3.423302358,8.129039458,8.333333333,8.450000000,4.000000000,7.083333333,6.875000000,6.362252121,8.034558824,4.448091089,8.897685752,7.812122515,7.142372773,7.27,6.816126060,Latin America and Caribbean,57,5.828,0.59325,1.14184,0.74314,0.55475,0.19317,0.27815,2.32407
80,Netherlands,81.50975610,2015,8.499683185,9.918135210,10.000000000,8.644444444,10.000000000,9.726190476,9.250000000,9.366518091,3.906668345,8.212318396,9.750208216,8.613167108,8.185986161,7.73,8.548259045,Western Europe,7,7.378,1.32944,1.28017,0.89284,0.61576,0.31814,0.47610,2.46570
81,Norway,82.30487805,2015,8.619200387,9.938459598,10.000000000,7.698148148,10.000000000,9.797619048,10.000000000,9.388991716,4.469397226,8.831207419,9.514230228,7.654512261,7.789072783,7.65,8.519495858,Western Europe,4,7.522,1.45900,1.33095,0.88521,0.66973,0.36503,0.34699,2.46531
82,Nepal,69.51500000,2015,4.165570868,9.261933531,8.333333333,5.977777778,5.000000000,6.630952381,10.000000000,6.951082449,8.129503699,4.499389677,6.402422694,6.758458572,6.701858574,6.50,6.725541224,Southern Asia,121,4.514,0.35997,0.86449,0.56874,0.38282,0.05907,0.32296,1.95637
83,New Zealand,81.45682927,2015,7.823437448,9.868614098,10.000000000,9.781481481,10.000000000,9.476190476,9.250000000,9.273780082,6.457208479,8.739500354,9.507911549,8.573080918,9.114961776,8.48,8.876890041,Australia and New Zealand,9,7.286,1.25018,1.31967,0.90837,0.63938,0.42922,0.47501,2.26425
84,Oman,76.88700000,2015,5.975490781,8.356922801,6.666666667,5.585185185,2.500000000,5.345238095,0E-9,5.592812390,4.533714916,6.006032048,8.342304379,7.649773007,6.663988226,6.64,6.116406195,Middle East and Northern Africa,22,6.853,1.36011,1.08182,0.76276,0.63274,0.32524,0.21542,2.47489
85,Pakistan,66.57700000,2015,3.498042861,5.940587215,5.000000000,4.505925926,9.000000000,7.194370257,3.750000000,5.304687137,7.860701774,3.304005361,6.382514873,5.770772621,6.278867455,5.92,5.612343569,Southern Asia,81,5.194,0.59543,0.41411,0.51466,0.12102,0.10464,0.33671,3.10709
86,Panama,77.77600000,2015,4.417779050,8.498456509,10.000000000,8.481481481,8.500000000,8.547619048,9.250000000,7.706968943,7.408817519,5.427962304,9.353353596,8.710061862,6.964047002,7.57,7.638484471,Latin America and Caribbean,25,6.786,1.06353,1.19850,0.79661,0.54210,0.09270,0.24434,2.84848
87,Peru,75.79200000,2015,4.575434814,8.315704183,10.000000000,8.390740741,9.000000000,8.607142857,9.375000000,7.760073109,7.244341522,4.801399760,9.564613148,8.225183656,7.533933704,7.47,7.615036554,Latin America and Caribbean,58,5.824,0.90019,0.97459,0.73017,0.41496,0.05989,0.14982,2.59450
88,Philippines,70.64400000,2015,3.927142722,7.026530427,8.333333333,9.151851852,8.000000000,7.635921591,6.250000000,6.675528965,8.536762702,4.434837234,9.444142054,7.308065260,7.438627326,7.43,7.052764482,Southeastern Asia,90,5.073,0.70532,1.03516,0.58114,0.62545,0.12279,0.24991,1.75360
89,Poland,77.45121951,2015,7.086418258,9.899996235,10.000000000,7.046296296,9.000000000,8.445354246,9.250000000,8.620768677,5.738353010,5.791093519,9.620805682,7.950735842,7.694513148,7.36,7.990384339,Central and Eastern Europe,60,5.791,1.12555,1.27948,0.77903,0.53122,0.04212,0.16759,1.86565
90,Portugal,81.12439024,2015,7.164114008,9.872022192,10.000000000,9.561111111,9.500000000,9.511904762,9.250000000,9.041335637,5.658476204,6.951471102,9.677047644,8.420527378,7.062911452,7.55,8.295667819,Western Europe,88,5.102,1.15991,1.13935,0.87519,0.51469,0.01078,0.13719,1.26462
91,Paraguay,73.66200000,2015,4.114067906,7.828477744,8.333333333,8.416666667,7.500000000,8.392857143,7.500000000,6.999922127,8.126530629,3.866205998,9.223884939,7.308081242,6.034346137,6.91,6.954961063,Latin America and Caribbean,53,5.878,0.75985,1.30477,0.66098,0.53899,0.08242,0.34240,2.18896
92,Qatar,79.75800000,2015,6.654300713,8.555199422,3.333333333,5.092222222,2.500000000,7.000000000,0E-9,5.594930589,6.537882662,6.300014733,8.370681252,7.562793588,8.358464582,7.43,6.512465295,Middle East and Northern Africa,28,6.611,1.69042,1.07860,0.79733,0.64040,0.52208,0.32573,1.55674
93,Romania,74.91219512,2015,6.323739189,9.804795795,10.000000000,8.568888889,10.000000000,9.000000000,9.250000000,8.714022635,6.873345158,5.947150201,9.398782021,8.477391452,7.795492442,7.70,8.207011317,Central and Eastern Europe,86,5.124,1.04345,0.88588,0.76890,0.35068,0.00649,0.13748,1.93129
94,Rwanda,67.45000000,2015,5.346680192,8.775185331,6.666666667,6.116666667,2.000000000,6.261904762,9.166666667,6.551656857,5.786848388,7.321421520,9.386881728,6.983617599,8.336144074,7.56,7.055828428,Sub-Saharan Africa,154,3.465,0.22208,0.77370,0.42864,0.59201,0.55191,0.22628,0.67042
95,Saudi Arabia,74.65100000,2015,5.640148906,7.365187885,0E-9,3.800000000,2.000000000,5.730733591,0E-9,4.404407557,5.000000000,5.290017302,8.331602330,5.970474742,6.585261292,6.24,5.322203778,Middle East and Northern Africa,35,6.411,1.39541,1.08393,0.72025,0.31048,0.32524,0.13706,2.43872
96,Senegal,66.74700000,2015,4.850856594,7.835249843,6.666666667,9.374074074,10.000000000,8.166666667,2.500000000,6.842267350,6.826123670,4.237886203,7.064081518,6.599117322,6.026585317,6.15,6.496133675,Sub-Saharan Africa,142,3.904,0.36498,0.97619,0.43540,0.36772,0.10713,0.20843,1.44395
97,Singapore,82.74390244,2015,8.044036763,9.410721259,8.333333333,6.022222222,3.500000000,6.642857143,8.000000000,7.613530775,8.006925783,8.286821638,9.838853470,9.249622839,8.821298834,8.84,8.226765388,Southeastern Asia,24,6.798,1.52186,1.02000,1.02525,0.54252,0.49210,0.31105,1.88501
98,El Salvador,72.41200000,2015,4.508987568,6.500000000,10.000000000,9.212962963,8.000000000,8.964285714,7.500000000,7.119971760,8.452581111,3.695250339,9.584824397,7.660097707,6.325231424,7.14,7.129985880,Latin America and Caribbean,42,6.130,0.76454,1.02507,0.67737,0.40350,0.11776,0.10692,3.03500
99,Serbia,75.28780488,2015,4.549072820,9.398892715,10.000000000,9.011111111,8.000000000,8.678571429,9.250000000,7.980959638,6.426736383,4.892576109,7.845666799,7.568040625,7.056274537,6.76,7.370479819,Central and Eastern Europe,87,5.123,0.92053,1.00964,0.74836,0.20107,0.02617,0.19231,2.02500
100,Slovenia,80.77560976,2015,6.994956008,9.704806146,10.000000000,9.129629630,10.000000000,9.428571429,9.250000000,8.955760644,4.543686681,6.323853556,9.767654513,7.872780122,6.909375559,7.08,8.017880322,Central and Eastern Europe,55,5.848,1.18498,1.27385,0.87337,0.60855,0.03787,0.25328,1.61583
101,Sweden,82.20487805,2015,8.492248115,9.832536726,10.000000000,8.903333333,10.000000000,9.726190476,8.750000000,9.319148591,3.665455869,8.348592034,9.712610453,8.275573440,8.244324585,7.65,8.484574296,Western Europe,8,7.364,1.33171,1.28907,0.91087,0.65980,0.43844,0.36262,2.37119
102,Chad,53.13700000,2015,3.364258024,5.038055998,8.333333333,7.987037037,6.500000000,7.523809524,5.000000000,5.634996495,6.938387562,2.767782050,6.352455917,5.155202215,4.947747979,5.23,5.432498247,Sub-Saharan Africa,149,3.667,0.34193,0.76062,0.15010,0.23501,0.05269,0.18386,1.94296
103,Togo,59.92700000,2015,3.945628531,8.033344298,6.666666667,9.050000000,8.000000000,8.345238095,5.000000000,6.700933683,6.092697938,3.688572303,7.009346655,5.446367989,6.218544758,5.69,6.195466842,Sub-Saharan Africa,158,2.839,0.20868,0.13995,0.28443,0.36453,0.10731,0.16681,1.56726
104,Thailand,76.09100000,2015,4.346657434,8.503134394,8.333333333,8.062592593,4.500000000,7.136957057,4.375000000,6.453236255,6.654410391,4.774643377,8.454208908,7.070371065,7.070827708,6.80,6.626618128,Southeastern Asia,34,6.455,0.96690,1.26504,0.73850,0.55664,0.03187,0.57630,2.31945
105,Tajikistan,70.13700000,2015,3.608039289,8.349374995,8.333333333,4.655555556,2.000000000,4.404761905,8.333333333,5.762051984,6.198960170,5.137031799,9.093415648,6.360443874,6.467898754,6.65,6.206025992,Central and Eastern Europe,106,4.786,0.39047,0.85563,0.57379,0.47216,0.15072,0.22974,2.11399
106,Tunisia,75.92200000,2015,4.653524488,7.525028029,8.333333333,6.875925926,8.000000000,8.190476190,4.166666667,6.601278341,6.080729204,5.279933807,7.058311561,6.810956358,6.413393967,6.33,6.465639170,Middle East and Northern Africa,107,4.739,0.88113,0.60429,0.73793,0.26268,0.06358,0.06431,2.12466
107,Turkey,76.53200000,2015,4.070536556,8.334431521,10.000000000,4.872222222,4.500000000,5.101696097,9.250000000,6.473633851,6.663194673,4.744088200,9.077667130,7.235888374,6.487905679,6.84,6.656816926,Middle East and Northern Africa,76,5.332,1.06098,0.94632,0.73172,0.22815,0.15746,0.12253,2.08528
108,Tanzania,63.11100000,2015,4.244825630,7.343189884,8.333333333,6.968518519,5.000000000,7.642857143,5.000000000,6.191474778,7.328689051,5.678049954,8.058940340,6.282426331,7.273685230,6.92,6.555737389,Sub-Saharan Africa,146,3.781,0.28520,1.00268,0.38215,0.32878,0.05747,0.34377,1.38079
109,Uganda,61.37300000,2015,3.238763121,7.008165921,8.333333333,8.566666667,7.000000000,7.928571429,3.750000000,6.119589403,7.647794118,4.891804412,8.599190934,7.444597602,7.929107381,7.30,6.709794702,Sub-Saharan Africa,141,3.931,0.21102,1.13299,0.33861,0.45727,0.07267,0.29066,1.42766
110,Ukraine,71.18951220,2015,4.598094241,6.111798358,8.333333333,5.892962963,5.500000000,7.136003553,9.250000000,6.288703135,6.649825151,4.324646752,3.253157988,6.509250390,6.278055349,5.40,5.844351567,Central and Eastern Europe,111,4.681,0.79907,1.20278,0.67390,0.25123,0.02961,0.15275,1.57140
111,Uruguay,77.36900000,2015,6.965991287,8.305989697,10.000000000,8.905555556,7.500000000,9.321428571,10.000000000,8.390693659,6.898378225,5.501567589,9.078882104,7.837795013,6.430508577,7.15,7.770346829,Latin America and Caribbean,32,6.485,1.06166,1.20890,0.81160,0.60362,0.24558,0.23240,2.32142
112,United States,78.69024390,2015,7.132165883,9.328352893,10.000000000,8.606296296,10.000000000,9.268106616,9.250000000,8.827569985,6.402068976,7.226306260,9.761051292,7.535949024,8.713321959,7.93,8.378784993,North America,15,7.119,1.39451,1.24711,0.86179,0.54604,0.15890,0.40105,2.51011
113,Vietnam,75.11000000,2015,5.165162475,8.630880895,3.333333333,5.703703704,1.500000000,5.872682796,9.250000000,6.014982826,7.629411765,5.021324429,6.177432425,6.018601176,6.638954149,6.30,6.157491413,Southeastern Asia,75,5.360,0.63216,0.91226,0.74676,0.59444,0.10441,0.16860,2.20173
114,South Africa,62.64900000,2015,5.665022930,6.047035015,10.000000000,9.237407407,10.000000000,8.964285714,9.250000000,7.673183798,6.060745975,5.762888284,8.101293575,6.871226581,7.400876268,6.84,7.256591899,Sub-Saharan Africa,113,4.642,0.92049,1.18468,0.27688,0.33207,0.08884,0.11973,1.71956
115,Zimbabwe,59.53400000,2015,3.466406109,7.610858901,5.000000000,6.376296296,2.500000000,6.650000000,3.333333333,5.155279216,6.900000000,3.820360033,8.180177544,5.679718634,5.449217561,6.01,5.582639608,Sub-Saharan Africa,115,4.610,0.27100,1.03276,0.33475,0.25861,0.08079,0.18987,2.44191
116,Angola,59.92500000,2016,3.451813885,8.297864524,5.000000000,8.786666667,4.000000000,6.452380952,7.500000000,6.111324364,6.496684826,2.963635116,5.606605364,5.264754044,5.518500441,5.17,5.640662182,Sub-Saharan Africa,141,3.866,0.84731,0.66366,0.04991,0.00589,0.08434,0.12071,2.09459
117,Albania,78.19400000,2016,5.291751647,8.806809810,6.666666667,9.192592593,10.000000000,8.607142857,6.250000000,7.596280576,7.935563809,5.071813726,9.553657390,8.214899510,6.906901139,7.54,7.568140288,Central and Eastern Europe,109,4.655,0.95530,0.50163,0.73007,0.31866,0.05301,0.16840,1.92816
118,United Arab Emirates,77.47000000,2016,6.365951177,7.991936297,3.333333333,4.695925926,0.500000000,6.309523810,0E-9,5.073350176,6.722602587,6.057111609,9.103967524,8.231247009,7.384832458,7.50,6.286675088,Middle East and Northern Africa,28,6.573,1.57352,0.87114,0.72993,0.56215,0.35561,0.26591,2.21507
119,Argentina,76.22100000,2016,5.744791027,9.040383237,10.000000000,7.795925926,7.500000000,8.738095238,10.000000000,8.099695682,5.346056135,3.904030401,5.614335974,3.982546906,5.369018774,4.84,6.469847841,Latin America and Caribbean,26,6.650,1.15137,1.06612,0.69711,0.42284,0.07296,0.10989,3.12985
120,Armenia,74.64000000,2016,5.003205353,8.830548737,6.666666667,6.222222222,6.500000000,7.154761905,8.000000000,6.912803602,7.003309536,5.809214965,9.521939951,8.143241004,7.378068688,7.57,7.241401801,Central and Eastern Europe,121,4.360,0.86086,0.62477,0.64083,0.14037,0.03616,0.07793,1.97864
121,Australia,82.44878049,2016,7.776278780,9.873961805,10.000000000,9.075925926,10.000000000,9.392857143,9.250000000,9.184438453,6.544178144,7.919018594,9.452540278,7.526720988,8.465525923,7.98,8.582219227,Australia and New Zealand,9,7.313,1.44443,1.10476,0.85120,0.56837,0.32331,0.47407,2.54650
122,Austria,81.64146341,2016,8.171748815,9.912637380,10.000000000,7.925185185,10.000000000,9.333333333,10.000000000,9.246948401,5.086294924,7.915986905,9.432829777,8.106732583,7.371334189,7.58,8.413474200,Western Europe,12,7.119,1.45038,1.08383,0.80565,0.54355,0.21348,0.32865,2.69343
123,Azerbaijan,72.49300000,2016,4.270861177,8.667523503,5.000000000,5.461111111,3.000000000,4.708461970,6.250000000,5.676553478,5.175449013,5.652732259,7.513486983,7.216524628,6.874879541,6.49,6.083276739,Central and Eastern Europe,81,5.291,1.12373,0.76042,0.54504,0.35327,0.17914,0.05640,2.27350
124,Burundi,60.52800000,2016,2.961469859,6.826708059,1.666666667,7.468518519,1.500000000,3.202380952,5.833333333,4.414134427,6.115441176,3.495487069,7.585470702,6.110770149,6.271879255,5.92,5.167067213,Sub-Saharan Africa,157,2.905,0.06831,0.23442,0.15747,0.04320,0.09419,0.20290,2.10404
125,Belgium,81.43902439,2016,7.751100945,9.345020809,10.000000000,8.131481481,10.000000000,9.750000000,9.250000000,8.987178587,3.875398037,7.066600168,9.377365846,8.201221562,8.102653904,7.32,8.153589293,Western Europe,18,6.929,1.42539,1.05249,0.81959,0.51354,0.26248,0.24240,2.61355
126,Benin,60.88500000,2016,4.129479992,8.031187091,6.666666667,9.413333333,9.500000000,8.988095238,10.000000000,7.496976295,6.182574541,3.822761377,7.013885064,6.026545850,6.855928660,5.98,6.738488147,Sub-Saharan Africa,153,3.484,0.39499,0.10419,0.21028,0.39747,0.06681,0.20180,2.10812
127,Burkina Faso,60.35400000,2016,4.860574888,8.324656807,8.333333333,8.018888889,7.500000000,7.738095238,10.000000000,7.455339670,5.405461604,3.687656530,7.121433785,6.604145213,7.427553566,6.05,6.752669835,Sub-Saharan Africa,145,3.739,0.31995,0.63054,0.21297,0.33370,0.12533,0.24353,1.87319
128,Bangladesh,71.78500000,2016,3.132892486,7.587379567,5.000000000,5.933333333,7.000000000,7.041990115,1.250000000,5.302600358,8.545118177,3.234259181,6.983616746,6.039372579,6.690103383,6.30,5.801300179,Southern Asia,110,4.643,0.54177,0.24749,0.52989,0.39778,0.12583,0.19132,2.60904
129,Bulgaria,74.81219512,2016,4.891372196,9.846657127,10.000000000,7.138888889,9.500000000,8.821428571,9.250000000,8.155539077,7.023392636,4.831211352,9.439348667,8.122354972,7.612747996,7.41,7.782769538,Central and Eastern Europe,129,4.217,1.11306,0.92542,0.67806,0.21219,0.00615,0.12793,1.15377
130,Bahrain,76.89900000,2016,5.900338722,8.006967709,6.666666667,7.461481481,5.000000000,4.130952381,3.333333333,6.136069994,8.317484908,5.265601627,9.404353401,7.403403472,7.415786274,7.56,6.848034997,Middle East and Northern Africa,42,6.218,1.44024,0.94397,0.65696,0.47375,0.25772,0.17147,2.27405
131,Bosnia and Herzegovina,76.99800000,2016,5.470080395,8.941062682,6.666666667,8.515185185,9.500000000,8.654761905,9.250000000,7.861447145,5.358630085,4.134907779,8.315905677,7.784776849,7.413612448,6.60,7.230723572,Central and Eastern Europe,87,5.163,0.93383,0.64367,0.70766,0.09511,0.00000,0.29889,2.48406
132,Belarus,73.82682927,2016,5.128924941,9.188711522,3.333333333,5.153333333,2.500000000,5.809523810,8.000000000,6.059028163,6.761446145,5.525957318,5.332776772,7.175739042,6.377244840,6.23,6.144514082,Central and Eastern Europe,61,5.802,1.13062,1.04993,0.63104,0.29091,0.17457,0.13942,2.38582
133,Bolivia,70.62600000,2016,3.051401851,8.437752282,10.000000000,8.428148148,6.500000000,8.416666667,10.000000000,7.206770015,6.162804536,3.632945402,9.386300221,6.987042221,4.975270619,6.23,6.718385007,Latin America and Caribbean,59,5.822,0.79422,0.83779,0.46970,0.50961,0.07746,0.21698,2.91635
134,Brazil,75.23000000,2016,4.651672530,6.111004095,10.000000000,7.411851852,6.500000000,8.341230646,7.500000000,6.665977406,5.125270067,4.575175835,7.972060321,7.000290820,4.093309339,5.75,6.207988703,Latin America and Caribbean,17,6.952,1.08754,1.03938,0.61415,0.40425,0.14166,0.15776,3.50733
135,Canada,81.90000000,2016,7.738323946,9.762339236,10.000000000,9.003703704,10.000000000,9.511904762,9.250000000,9.151726642,6.024061309,7.875940077,9.579711993,7.929248443,8.514790596,7.98,8.565863321,North America,6,7.404,1.44015,1.09610,0.82760,0.57370,0.31329,0.44834,2.70485
136,Switzerland,83.60243902,2016,8.249290426,9.650707897,10.000000000,8.188518519,10.000000000,9.666666667,9.250000000,9.185518099,7.425566340,8.497326383,9.922186836,7.636967263,8.475246512,8.39,8.787759050,Western Europe,2,7.509,1.52733,1.14524,0.86303,0.58557,0.41203,0.28083,2.69463
137,Chile,79.77900000,2016,6.516104054,8.979762178,10.000000000,9.265925926,10.000000000,9.154761905,5.000000000,8.216035341,7.880263385,6.420139420,9.331413421,8.268563035,7.098290007,7.80,8.008017670,Latin America and Caribbean,24,6.705,1.21670,0.90587,0.81883,0.37789,0.11451,0.31595,2.95505
138,China,76.21000000,2016,4.704818051,7.528647392,3.333333333,3.666296296,1.500000000,5.174910149,9.250000000,5.350820339,5.039010659,5.650259343,8.542426794,6.708857694,6.358063353,6.46,5.905410169,Eastern Asia,83,5.245,1.02780,0.79381,0.73561,0.44012,0.02745,0.04959,2.17087
139,Cameroon,58.06300000,2016,3.026918250,6.806230146,3.333333333,7.892962963,5.500000000,6.998575821,5.000000000,5.330774311,7.111627980,3.199560540,7.222024204,5.054770561,6.530047440,5.82,5.575387155,Sub-Saharan Africa,114,4.513,0.52497,0.62542,0.12698,0.42736,0.06126,0.22680,2.51980
140,Colombia,76.73200000,2016,4.422972598,5.452498485,8.333333333,8.740740741,10.000000000,8.452380952,10.000000000,7.021513273,6.859318215,3.819135946,7.973965074,6.810785115,7.044458518,6.50,6.760756637,Latin America and Caribbean,31,6.481,1.03032,1.02169,0.59659,0.44735,0.05399,0.15626,3.17471
141,Costa Rica,79.73800000,2016,6.626877443,8.412669119,10.000000000,8.085185185,9.500000000,9.595238095,6.875000000,8.165428969,7.609154834,5.891154675,9.779738252,8.003561874,6.449130777,7.55,7.857714484,Latin America and Caribbean,14,7.087,1.06879,1.02152,0.76146,0.55225,0.10547,0.22553,3.35168
142,Cyprus,80.51300000,2016,6.327701936,9.685217644,10.000000000,7.159259259,8.500000000,9.452380952,10.000000000,8.514393916,7.313981420,5.937152237,9.489785988,8.283055903,7.547740368,7.71,8.112196958,Western Europe,69,5.546,1.31857,0.70697,0.84880,0.29507,0.05228,0.27906,2.04497
143,Germany,80.99024390,2016,8.303209527,9.815587729,10.000000000,7.697777778,10.000000000,9.357142857,10.000000000,9.235191378,5.480871153,7.438694666,9.479673116,8.048442496,7.986439656,7.69,8.462595689,Western Europe,16,6.994,1.44787,1.09774,0.81487,0.53466,0.28551,0.30452,2.50931
144,Denmark,80.85365854,2016,8.687100828,9.858379683,10.000000000,7.702222222,9.500000000,9.690476190,10.000000000,9.325639969,4.134149451,8.077531163,9.863601232,8.461507677,8.320588298,7.77,8.547819985,Western Europe,1,7.526,1.44178,1.16374,0.79504,0.57941,0.44453,0.36171,2.73939
145,Algeria,76.29800000,2016,3.819566026,8.043882199,5.000000000,4.944814815,5.000000000,7.380952381,0.833333333,5.281772109,3.616782254,4.690742835,7.253893581,4.127024824,5.268992397,4.99,5.135886055,Middle East and Northern Africa,38,6.355,1.05266,0.83309,0.61804,0.21006,0.16157,0.07044,3.40904
146,Ecuador,76.36500000,2016,4.258770863,9.045778617,10.000000000,7.803703704,6.500000000,7.940476190,10.000000000,7.550555359,5.666937811,3.809895071,8.254794016,6.499619559,6.046130988,6.06,6.805277680,Latin America and Caribbean,51,5.976,0.97306,0.85974,0.68613,0.40270,0.18037,0.10074,2.77366
147,Spain,83.32926829,2016,7.011863820,9.636610285,10.000000000,7.996666667,9.500000000,9.214285714,9.250000000,8.758213764,6.019536903,6.803471355,9.488977918,8.050140688,7.426611809,7.56,8.159106882,Western Europe,37,6.361,1.34253,1.12945,0.87896,0.37545,0.06137,0.17665,2.39663
148,Estonia,77.64146341,2016,7.801085558,9.574248415,10.000000000,8.329629630,9.500000000,9.619047619,9.250000000,9.013701218,5.883723858,7.441601876,9.326665307,8.434307747,8.201249995,7.86,8.436850609,Central and Eastern Europe,72,5.517,1.27964,1.05163,0.68098,0.41511,0.18519,0.08423,1.81985
149,Ethiopia,65.48200000,2016,3.302472672,6.698471607,6.666666667,5.552222222,1.500000000,5.252983157,6.666666667,5.064089941,6.571269190,4.644365028,5.732983571,5.056479414,6.645060594,5.73,5.397044971,Sub-Saharan Africa,115,4.508,0.29283,0.37932,0.34578,0.36703,0.17170,0.29522,2.65614
150,Finland,81.42926829,2016,8.639248324,9.810964083,10.000000000,7.901481481,10.000000000,9.666666667,9.250000000,9.294367917,4.151079924,8.798181060,9.360551120,8.232926712,7.717924071,7.65,8.472183958,Western Europe,5,7.413,1.40598,1.13464,0.81091,0.57104,0.41004,0.25492,2.82596
151,France,82.57317073,2016,6.771264767,9.694465460,10.000000000,7.253703704,10.000000000,9.250000000,10.000000000,8.766802927,4.220057943,6.922031615,9.480112303,8.178051059,7.458613785,7.25,8.008401464,Western Europe,32,6.478,1.39488,1.00508,0.83795,0.46562,0.17808,0.12160,2.47440
152,Gabon,65.41800000,2016,4.241028336,8.038732871,0E-9,8.944444444,4.000000000,6.178571429,3.333333333,5.315575222,6.244963135,3.902531341,6.589812995,5.691934877,6.785844584,5.84,5.577787611,Sub-Saharan Africa,134,4.121,1.15851,0.72368,0.34940,0.28098,0.09314,0.06244,1.45332
153,United Kingdom,81.15609756,2016,7.716556989,9.832564275,10.000000000,7.585555556,10.000000000,9.250000000,9.250000000,8.995835872,5.664386473,7.849331943,9.843565028,8.439080331,8.225900955,8.00,8.497917936,Western Europe,23,6.725,1.40283,1.08672,0.80991,0.50036,0.27399,0.50156,2.14999
154,Georgia,73.20700000,2016,5.385816218,8.670315227,8.333333333,7.160740741,8.500000000,8.630952381,8.000000000,7.576535507,7.533872180,6.314021643,9.222802318,8.563136369,8.487127074,8.02,7.798267753,Central and Eastern Europe,126,4.252,0.83792,0.19249,0.64035,0.32461,0.31880,0.06786,1.87031
155,Ghana,63.12400000,2016,5.747291576,9.008827092,10.000000000,8.081481481,7.500000000,8.750000000,7.500000000,7.872177815,7.019694663,5.356873168,6.972844492,6.494375240,7.150996088,6.60,7.236088908,Sub-Saharan Africa,124,4.276,0.63107,0.49353,0.29681,0.40973,0.03260,0.21203,2.20020
156,Guinea,60.17000000,2016,3.120741098,7.032707727,3.333333333,8.540370370,9.000000000,5.788023635,1.666666667,5.371201607,6.546214010,3.227979181,7.944894022,5.076772470,6.875425102,5.93,5.650600803,Sub-Saharan Africa,151,3.607,0.22415,0.31090,0.18829,0.30953,0.11920,0.29914,2.15604
157,Greece,81.38780488,2016,5.789790663,8.872414211,10.000000000,7.324074074,10.000000000,8.738095238,6.750000000,7.946768150,4.379450297,5.778509815,8.037389926,7.678958625,6.434657332,6.46,7.203384075,Western Europe,99,5.033,1.24886,0.75473,0.80029,0.05822,0.04127,0.00000,2.12944
158,Guatemala,73.54100000,2016,3.987677170,6.333333333,10.000000000,8.470000000,7.500000000,7.459933562,6.250000000,6.548245982,9.528485010,4.382490053,9.557483712,8.193937920,6.550075910,7.64,7.094122991,Latin America and Caribbean,39,6.324,0.83454,0.87119,0.54039,0.50379,0.08701,0.28808,3.19863
159,Honduras,74.70100000,2016,3.194722841,5.939567336,8.333333333,8.731481481,8.500000000,7.964285714,7.500000000,6.386482597,8.532352941,3.435269824,9.293651700,7.217558726,6.824516794,7.06,6.723241298,Latin America and Caribbean,104,4.871,0.69429,0.75596,0.58383,0.26755,0.06906,0.20440,2.29551
160,Croatia,78.02195122,2016,5.700537868,9.860715403,10.000000000,8.051481481,9.000000000,8.607142857,10.000000000,8.456175752,4.683887540,5.479351478,9.136323654,8.188139185,7.287616394,6.96,7.708087876,Central and Eastern Europe,74,5.488,1.18649,0.60809,0.70524,0.23907,0.04002,0.18434,2.52462
161,Haiti,62.89600000,2016,3.582253733,7.758151540,10.000000000,8.392222222,10.000000000,8.226190476,6.875000000,7.184442588,8.430694021,2.500470609,7.216129446,7.504084903,6.886282485,6.51,6.847221294,Latin America and Caribbean,136,4.028,0.34097,0.29561,0.27494,0.12072,0.14476,0.47958,2.37116
162,Hungary,76.06341463,2016,5.439017665,9.554416221,10.000000000,7.284444444,9.000000000,8.821428571,10.000000000,8.258945773,4.890497079,5.919262708,9.710533115,7.953706122,7.632667959,7.22,7.739472887,Central and Eastern Europe,91,5.145,1.24142,0.93164,0.67608,0.19770,0.04472,0.09900,1.95473
163,Indonesia,71.03500000,2016,4.077098305,8.930331429,6.666666667,3.854074074,7.000000000,7.523809524,6.250000000,6.381312460,7.810939930,4.883138286,9.683353617,6.997110677,6.429415347,7.16,6.770656230,Southeastern Asia,79,5.314,0.95104,0.87625,0.49374,0.39237,0.00322,0.56521,2.03171
164,India,68.89700000,2016,4.320439849,7.432355452,6.666666667,5.488888889,7.000000000,7.921169544,5.500000000,6.195871335,7.719442848,5.156629041,8.199784181,5.572692843,6.497381642,6.63,6.412935668,Southern Asia,118,4.404,0.74036,0.29247,0.45091,0.40285,0.08722,0.25028,2.18032
165,Ireland,81.65365854,2016,7.614721658,9.708610774,10.000000000,9.082962963,7.500000000,9.500000000,10.000000000,8.939129404,6.312110986,7.720957247,9.255335231,8.599206441,8.465913510,8.07,8.504564702,Western Europe,19,6.907,1.48341,1.16157,0.81455,0.54008,0.29754,0.44963,2.15988
166,Iraq,70.12200000,2016,2.464387305,3.963850160,0E-9,5.327777778,4.500000000,5.261904762,0E-9,3.116027620,5.248190078,2.774515098,7.258295299,5.239557906,6.475279949,5.40,4.258013810,Middle East and Northern Africa,112,4.575,1.07474,0.59205,0.51076,0.24856,0.13636,0.19589,1.81657
167,Iceland,82.20487805,2016,7.572814721,9.959940303,10.000000000,8.122222222,10.000000000,9.630952381,9.250000000,9.083506216,5.451234737,8.399348500,7.055296849,7.161710811,8.009519936,7.22,8.151753108,Western Europe,3,7.501,1.42666,1.18326,0.86733,0.56624,0.14975,0.47678,2.83137
168,Israel,82.40731707,2016,6.790677923,9.170163569,1.666666667,5.931481481,10.000000000,7.948909543,10.000000000,7.544916142,6.252382111,6.158069038,9.399942105,8.211971513,7.411094704,7.49,7.517458071,Middle East and Northern Africa,11,7.267,1.33766,0.99537,0.84917,0.36432,0.08728,0.32288,3.31029
169,Italy,83.24390244,2016,6.503838352,9.909671786,10.000000000,8.049259259,9.500000000,9.071428571,9.250000000,8.690446317,5.447874040,5.709202635,9.438703624,8.250625682,7.485950008,7.27,7.980223159,Western Europe,50,5.977,1.35495,1.04167,0.85102,0.18827,0.02556,0.16684,2.34918
170,Jamaica,74.17500000,2016,5.403823101,6.500000000,8.333333333,9.305555556,9.500000000,9.535714286,6.250000000,7.268416093,7.430473655,5.074200810,8.592263953,6.859851664,7.958677586,7.18,7.224208046,Latin America and Caribbean,73,5.510,0.89333,0.96372,0.59469,0.43597,0.04294,0.22245,2.35682
171,Jordan,74.18400000,2016,5.798807684,7.984281664,6.666666667,6.333703704,5.000000000,6.595238095,3.333333333,6.238666517,7.586859201,4.756454971,9.618102308,7.579245331,7.771994872,7.46,6.849333258,Middle East and Northern Africa,80,5.303,0.99673,0.86216,0.60712,0.36023,0.13297,0.14262,2.20142
172,Japan,83.98487805,2016,7.643490079,9.678364609,10.000000000,8.092592593,7.500000000,9.190476190,9.250000000,8.733770550,4.535267724,7.586986576,9.524658793,7.495838941,8.196999770,7.47,8.101885275,Eastern Asia,53,5.921,1.38007,1.06054,0.91491,0.46761,0.18985,0.10224,1.80584
173,Kazakhstan,72.30000000,2016,4.537932016,9.005172166,5.000000000,5.508888889,4.000000000,6.140106103,9.250000000,6.375675545,7.513578869,5.448354820,8.551346498,6.522959426,7.538105028,7.11,6.742837772,Central and Eastern Europe,54,5.919,1.22943,0.95544,0.57386,0.40520,0.11132,0.15011,2.49325
174,Kenya,65.39300000,2016,3.953814707,7.142406129,6.666666667,7.214814815,7.000000000,8.333333333,7.500000000,6.445536690,7.821194755,4.913284598,9.219119170,6.685544813,7.364484937,7.20,6.822768345,Sub-Saharan Africa,122,4.356,0.52267,0.76240,0.30147,0.40576,0.06686,0.41328,1.88326
175,Cambodia,68.97700000,2016,2.566741147,9.587538771,10.000000000,8.272592593,7.500000000,7.892857143,8.333333333,7.238448286,7.897866967,4.277906502,9.308534101,7.324052439,7.061529101,7.17,7.204224143,Southeastern Asia,140,3.907,0.55604,0.53750,0.42494,0.58852,0.08092,0.40339,1.31573
176,Kuwait,75.22400000,2016,5.222398432,8.189148143,5.000000000,4.645925926,4.000000000,7.464285714,1.666666667,5.630574474,6.237318060,4.922444725,8.342265724,6.840410269,7.430758483,6.75,6.190287237,Middle East and Northern Africa,41,6.239,1.61714,0.87758,0.63569,0.43166,0.23669,0.15965,2.28085
177,Lebanon,78.80000000,2016,4.339724004,7.599723612,6.666666667,7.153703704,9.000000000,8.297619048,3.333333333,6.429994179,8.668506808,3.954385717,9.694505034,6.815739369,5.825303663,6.99,6.709997090,Middle East and Northern Africa,93,5.129,1.12268,0.64184,0.76171,0.26228,0.03061,0.23693,2.07339
178,Libya,72.31100000,2016,2.198017505,5.277260860,5.000000000,6.938888889,2.500000000,4.845238095,0.833333333,3.880565623,4.750000000,3.206338892,5.659898222,4.763774850,5.301138017,4.74,4.310282812,Middle East and Northern Africa,67,5.615,1.06688,0.95076,0.52304,0.40672,0.10339,0.17087,2.39374
179,Sri Lanka,76.48200000,2016,4.518644917,8.436581039,6.666666667,6.876296296,5.500000000,7.226190476,1.750000000,6.040721833,8.261061180,4.926880553,6.494747822,5.891036906,6.884430365,6.49,6.265360917,Southern Asia,117,4.415,0.97318,0.84783,0.62007,0.50817,0.07964,0.46978,0.91681
180,Lithuania,74.67073171,2016,6.795900860,9.300417808,10.000000000,8.472592593,10.000000000,9.500000000,10.000000000,8.821338926,7.233303802,6.499517474,9.340337377,8.191708434,8.035642881,7.86,8.340669463,Central and Eastern Europe,60,5.813,1.26920,1.06411,0.64674,0.18929,0.01820,0.02025,2.60525
181,Luxembourg,82.68536585,2016,7.897751196,9.904131225,10.000000000,9.140740741,10.000000000,9.678571429,9.250000000,9.257401822,4.169356156,8.350836767,9.310500088,8.309030967,7.870923216,7.60,8.428700911,Western Europe,20,6.871,1.69752,1.03999,0.84542,0.54870,0.35329,0.27571,2.11055
182,Latvia,74.58048780,2016,6.681684163,9.551688703,10.000000000,8.546296296,10.000000000,9.380952381,10.000000000,8.851068084,6.653293105,6.196792987,9.323349908,8.350138737,7.661097526,7.64,8.245534042,Central and Eastern Europe,68,5.560,1.21788,0.95025,0.63952,0.27996,0.08890,0.17445,2.20859
183,Morocco,75.97400000,2016,4.199170840,8.390437218,8.333333333,4.429259259,5.000000000,7.297619048,3.333333333,5.986756512,5.930876255,5.401407689,7.216671133,6.931294938,6.350932975,6.37,6.178378256,Middle East and Northern Africa,90,5.151,0.84058,0.38595,0.59471,0.25646,0.08404,0.04053,2.94891
184,Moldova,71.61700000,2016,4.451422898,8.685224302,8.333333333,6.046296296,6.000000000,7.369047619,10.000000000,7.059029525,6.499386736,4.337326557,7.983371320,7.458865245,6.905421487,6.64,6.849514762,Central and Eastern Europe,55,5.897,0.69177,0.83132,0.52309,0.25202,0.01903,0.19997,3.38007
185,Madagascar,65.93100000,2016,3.613214977,8.201458953,10.000000000,7.540740741,5.500000000,8.273809524,7.500000000,6.835123509,7.701839237,2.789804983,7.895528282,6.704622081,5.834452003,6.19,6.512561755,Sub-Saharan Africa,148,3.695,0.27954,0.46115,0.37109,0.13684,0.07506,0.22040,2.15075
186,Mexico,74.91700000,2016,3.922635286,6.041886151,10.000000000,7.568888889,8.500000000,6.980011483,10.000000000,6.796020397,7.915761741,4.127169241,8.106594619,7.259592913,7.109701358,6.90,6.848010198,Latin America and Caribbean,21,6.778,1.11508,0.71460,0.71143,0.37709,0.18355,0.11735,3.55906
187,Mali,57.98700000,2016,3.930245651,5.391779112,8.333333333,8.601851852,7.500000000,7.869047619,5.000000000,6.060929471,4.943583748,3.458599238,7.204218900,6.874991085,6.531318665,5.80,5.930464736,Sub-Saharan Africa,135,4.073,0.31292,0.86333,0.16347,0.27544,0.13647,0.21064,2.11087
188,Malta,82.45365854,2016,6.880670013,9.875277508,10.000000000,8.449629630,10.000000000,9.440476190,10.000000000,8.977997462,5.917352957,6.649582710,9.481213334,8.421271575,8.167028374,7.73,8.353998731,Western Europe,30,6.488,1.30782,1.09879,0.80315,0.54994,0.17554,0.56237,1.99032
189,Myanmar,66.20500000,2016,2.976381536,8.103918555,1.666666667,6.346296296,7.000000000,7.544895499,4.375000000,5.463360869,6.297058824,3.545876002,6.480574507,4.967560927,5.807434505,5.42,5.441680434,Southeastern Asia,119,4.395,0.34112,0.69981,0.39880,0.42692,0.20243,0.81971,1.50655
190,Mongolia,69.32100000,2016,5.251542395,8.912543798,10.000000000,8.584814815,8.500000000,8.238095238,9.250000000,7.998312553,7.999648709,5.554938942,9.387787240,6.780282764,7.258296500,7.40,7.699156277,Eastern Asia,101,4.907,0.98853,1.08983,0.55469,0.35972,0.03285,0.34539,1.53586
191,Mauritania,64.20800000,2016,3.933860560,5.818886343,8.333333333,5.661111111,5.500000000,6.001186054,0E-9,4.987749776,5.329411765,3.723808830,8.099707313,5.939447829,6.712624203,5.96,5.473874888,Sub-Saharan Africa,130,4.201,0.61391,0.84142,0.28639,0.12680,0.17955,0.22686,1.92630
192,Mauritius,74.39487805,2016,6.446820269,9.201518449,6.666666667,8.030000000,9.000000000,9.357142857,5.000000000,7.717465632,7.510213253,6.764334254,9.587632401,8.425298409,7.747574312,8.01,7.863732816,Sub-Saharan Africa,66,5.648,1.14372,0.75695,0.66189,0.46145,0.05203,0.36951,2.20223
193,Malaysia,75.64900000,2016,5.421524050,8.599348146,5.000000000,3.930000000,4.000000000,6.797619048,4.250000000,5.902979954,6.862838070,5.760370476,5.792303901,7.537110669,8.622790943,6.92,6.411489977,Southeastern Asia,47,6.005,1.25142,0.88025,0.62366,0.39031,0.09081,0.41474,2.35384
194,Namibia,62.62500000,2016,5.796621702,6.992669937,10.000000000,8.725925926,7.000000000,8.250000000,8.000000000,7.394915502,5.284715285,6.437481728,6.141285904,6.355514643,7.757162078,6.40,6.897457751,Sub-Saharan Africa,113,4.574,0.93287,0.70362,0.34745,0.48614,0.10398,0.07795,1.92198
195,Niger,61.13700000,2016,4.150643838,6.914378347,6.666666667,7.804074074,5.500000000,5.345238095,4.166666667,5.714520097,6.844368088,3.659423094,7.016807914,5.485204757,7.058349425,6.01,5.862260048,Sub-Saharan Africa,142,3.856,0.13270,0.60530,0.26162,0.38041,0.17176,0.20970,2.09469
196,Nigeria,53.54100000,2016,4.327010052,5.166301919,6.666666667,7.327777778,9.000000000,8.175114352,3.333333333,5.823617206,7.086182942,3.603779382,7.460879420,5.904233470,7.564835190,6.32,6.071808603,Sub-Saharan Africa,103,4.875,0.75216,0.64498,0.05108,0.27854,0.03050,0.23219,2.88586
197,Nicaragua,73.86000000,2016,3.767066422,8.295494493,8.333333333,7.912592593,4.000000000,7.047619048,6.875000000,6.432494726,7.990441176,4.450667177,9.100671988,7.817439250,7.002229453,7.27,6.851247363,Latin America and Caribbean,48,5.992,0.69384,0.89521,0.65213,0.46582,0.16292,0.29773,2.82428
198,Netherlands,81.56097561,2016,8.524550809,9.922564664,10.000000000,8.894444444,10.000000000,9.726190476,9.250000000,9.398842360,3.933138933,8.160260143,9.503556089,8.657087014,8.272654841,7.71,8.554421180,Western Europe,7,7.339,1.46468,1.02912,0.81231,0.55211,0.29927,0.47416,2.70749
199,Norway,82.40731707,2016,8.556487979,9.931425970,10.000000000,7.407407407,10.000000000,9.797619048,10.000000000,9.342481133,4.495132520,8.678339280,9.499277343,7.587806425,7.733422163,7.60,8.471240566,Western Europe,4,7.498,1.57744,1.12690,0.79579,0.59609,0.35776,0.37895,2.66465
200,Nepal,69.84800000,2016,4.300731416,9.256317317,8.333333333,5.187777778,5.000000000,6.702380952,10.000000000,6.911611390,7.916691709,4.608534674,6.435562340,6.635041574,7.051395050,6.53,6.720805695,Southern Asia,107,4.793,0.44626,0.69699,0.50073,0.37012,0.07008,0.38160,2.32694
201,New Zealand,81.61243902,2016,7.868546129,9.868614098,10.000000000,9.731481481,10.000000000,9.523809524,9.250000000,9.284819157,6.476854205,8.715280315,9.455371519,8.635970884,9.159782185,8.49,8.887409579,Australia and New Zealand,8,7.334,1.36066,1.17278,0.83096,0.58147,0.41904,0.49401,2.47553
202,Pakistan,66.77000000,2016,3.505069340,6.242516773,5.000000000,4.039259259,9.000000000,7.087699939,3.750000000,5.324592448,7.836437068,3.463300254,6.593266000,5.826842798,6.290954337,6.00,5.662296224,Southern Asia,92,5.132,0.68816,0.26135,0.40306,0.14622,0.13880,0.31185,3.18286
203,Panama,77.96400000,2016,4.385538748,8.710721255,10.000000000,8.361111111,8.500000000,8.300639622,9.250000000,7.715240074,7.363229284,5.241776593,9.696805181,8.696830031,6.902737679,7.58,7.647620037,Latin America and Caribbean,25,6.701,1.18306,0.98912,0.70835,0.48927,0.08423,0.24180,3.00559
204,Peru,76.04400000,2016,4.715843781,8.245018486,10.000000000,8.225555556,9.000000000,8.205155728,9.375000000,7.720786695,6.979635640,4.765645671,9.704537846,8.226085566,7.488683492,7.43,7.575393347,Latin America and Caribbean,64,5.743,0.99602,0.81255,0.62994,0.37502,0.05292,0.14527,2.73117
205,Philippines,70.80200000,2016,3.436584998,6.842192772,8.333333333,8.490740741,8.000000000,8.204248444,6.250000000,6.497526694,8.498841962,4.278264950,9.422637738,7.127270701,7.369833084,7.34,6.918763347,Southeastern Asia,82,5.279,0.81217,0.87877,0.47036,0.54854,0.11757,0.21674,2.23484
206,Poland,77.85121951,2016,6.382863045,9.743629357,10.000000000,6.345925926,9.000000000,8.619047619,9.250000000,8.353120455,5.624382422,5.559009928,9.647930249,7.913406255,7.586252704,7.27,7.811560227,Central and Eastern Europe,57,5.835,1.24585,1.04685,0.69058,0.45190,0.05500,0.14443,2.20035
207,Portugal,81.12439024,2016,7.165608272,9.915208954,10.000000000,9.425555556,9.500000000,9.559523810,9.250000000,9.043712243,5.659946793,6.979123572,9.350852752,8.376487219,7.184642765,7.51,8.276856122,Western Europe,94,5.123,1.27607,0.94367,0.79363,0.44727,0.01521,0.11691,1.53015
208,Paraguay,73.83600000,2016,4.108065759,7.834983075,8.333333333,8.174074074,7.500000000,8.380952381,7.500000000,6.974598187,8.184618864,3.840887889,9.282684720,7.281512340,6.144909202,6.95,6.962299094,Latin America and Caribbean,70,5.538,0.89373,1.11111,0.58295,0.46235,0.07396,0.25296,2.16091
209,Qatar,79.86800000,2016,6.546295560,8.560572432,3.333333333,4.690740741,2.500000000,6.964285714,0E-9,5.525552977,6.537882662,6.235291357,8.679786673,7.648646029,8.336798605,7.49,6.507776488,Middle East and Northern Africa,36,6.375,1.82427,0.87964,0.71723,0.56679,0.48049,0.32388,1.58224
210,Romania,75.20975610,2016,6.328473866,9.833493166,10.000000000,7.877407407,10.000000000,9.000000000,9.250000000,8.653232499,6.833639275,6.040355698,9.341471730,8.441503074,7.776712590,7.69,8.171616249,Central and Eastern Europe,71,5.528,1.16970,0.72803,0.67602,0.36712,0.00679,0.12889,2.45184
211,Rwanda,67.93000000,2016,5.282069945,8.534642873,6.666666667,6.040370370,2.000000000,6.261904762,9.166666667,6.467739051,5.716995447,7.164967817,9.345718853,7.015027267,8.163310486,7.48,6.973869526,Sub-Saharan Africa,152,3.515,0.32846,0.61586,0.31865,0.54320,0.50521,0.23552,0.96819
212,Saudi Arabia,74.76100000,2016,5.914095317,7.442087098,0E-9,3.214814815,2.000000000,5.782049842,0E-9,4.438732069,5.350000000,5.186017585,9.020731753,5.900602321,7.139502889,6.52,5.479366035,Middle East and Northern Africa,34,6.379,1.48953,0.84829,0.59267,0.37904,0.30008,0.15457,2.61482
213,Sudan,64.66300000,2016,3.163435126,5.548563081,5.000000000,6.490000000,3.500000000,5.690476190,0E-9,4.246047171,9.441176471,2.985519957,5.530823658,2.877140582,5.942255355,5.36,4.803023585,Sub-Saharan Africa,133,4.139,0.63069,0.81928,0.29759,0.00000,0.10039,0.18077,2.10995
214,Senegal,67.07800000,2016,4.682384661,7.838810860,6.666666667,9.022222222,10.000000000,8.250000000,2.500000000,6.774187769,6.830535435,4.252700728,7.198889674,6.665037837,6.152968394,6.22,6.497093885,Sub-Saharan Africa,128,4.219,0.44314,0.77416,0.40457,0.31056,0.11681,0.19103,1.97861
215,Singapore,82.84634146,2016,7.683405599,9.401703386,8.333333333,6.114814815,3.500000000,6.133315738,8.000000000,7.479423635,7.919425783,8.227098570,9.761728956,9.291176661,8.980598133,8.84,8.159711817,Southeastern Asia,22,6.739,1.64555,0.86758,0.94719,0.48770,0.46987,0.32706,1.99375
216,El Salvador,72.64400000,2016,4.355099989,6.500000000,10.000000000,9.088888889,8.000000000,7.452380952,7.500000000,6.917901981,8.429051699,3.576272354,9.808378599,7.678362506,6.243651346,7.15,7.033950991,Latin America and Caribbean,46,6.068,0.87370,0.80975,0.59600,0.37269,0.10613,0.08877,3.22134
217,Serbia,75.68780488,2016,4.399686544,9.369652604,10.000000000,8.270370370,8.000000000,8.535714286,9.250000000,7.847943252,6.408354030,4.945954676,8.147323500,7.601756185,7.154502067,6.85,7.348971626,Central and Eastern Europe,86,5.177,1.03437,0.81329,0.64580,0.15718,0.04339,0.20737,2.27539
218,Slovenia,81.17560976,2016,6.450622608,9.769114688,10.000000000,9.000000000,10.000000000,9.428571429,9.250000000,8.822791467,4.776774916,6.217592011,9.518350807,7.884030176,6.845229897,7.05,7.936395733,Central and Eastern Europe,63,5.768,1.29947,1.05613,0.79151,0.53164,0.03635,0.25738,1.79522
219,Sweden,82.30731707,2016,8.539644459,9.854954616,10.000000000,8.884814815,10.000000000,9.726190476,8.750000000,9.334750298,3.620602928,7.816366289,9.342561190,8.198228523,8.230154625,7.44,8.387375149,Western Europe,10,7.291,1.45181,1.08764,0.83121,0.58218,0.40867,0.38254,2.54734
220,Chad,53.43800000,2016,2.900352865,6.264732049,8.333333333,8.158888889,6.500000000,7.523809524,1.666666667,5.509541070,7.729564033,2.663232022,6.726054551,5.121255567,4.953382356,5.44,5.474770535,Sub-Saharan Africa,144,3.763,0.42214,0.63178,0.03824,0.12807,0.04952,0.18667,2.30637
221,Togo,60.22000000,2016,4.083063827,8.033344298,6.666666667,8.877407407,8.000000000,8.464285714,5.000000000,6.729938010,6.719903820,3.675637715,7.027928927,5.419145767,6.277240850,5.82,6.274969005,Sub-Saharan Africa,155,3.303,0.28123,0.00000,0.24811,0.34678,0.11587,0.17517,2.13540
222,Thailand,76.40300000,2016,4.286364947,8.663051170,8.333333333,7.255925926,4.500000000,7.157826460,4.375000000,6.399562601,6.642645685,4.741393669,8.637097548,7.108491873,7.100074303,6.85,6.624781301,Southeastern Asia,33,6.474,1.08930,1.04477,0.64915,0.49553,0.02833,0.58696,2.57960
223,Tajikistan,70.39700000,2016,3.297263673,8.393621945,8.333333333,4.355555556,2.000000000,4.273809524,8.333333333,5.652324579,6.526173139,5.124943241,8.831414728,6.362292909,6.769223369,6.72,6.186162290,Central and Eastern Europe,100,4.996,0.48835,0.75602,0.53119,0.43408,0.13509,0.25998,2.39106
224,Tunisia,76.11500000,2016,4.757803695,7.562090498,8.333333333,6.457407407,8.000000000,8.017579553,4.166666667,6.577472244,5.805729204,5.276037704,7.061833002,6.911721762,6.389315893,6.29,6.433736122,Middle East and Northern Africa,98,5.045,0.97724,0.43165,0.59577,0.23553,0.08170,0.03936,2.68413
225,Turkey,76.86000000,2016,3.974523246,7.512870080,10.000000000,4.494074074,4.500000000,3.962095697,9.250000000,6.092465309,6.576429967,4.778738645,9.012961525,7.217832757,6.629945973,6.84,6.466232654,Middle East and Northern Africa,78,5.389,1.16492,0.87717,0.64718,0.23889,0.12348,0.04707,2.29074
226,Tanzania,63.84400000,2016,4.244131053,7.349099273,8.333333333,6.447777778,5.000000000,7.500000000,5.000000000,6.126418693,7.314762736,5.659837689,8.221423469,6.206308900,7.208976699,6.92,6.523209346,Sub-Saharan Africa,149,3.666,0.47155,0.77623,0.35700,0.31760,0.05099,0.31472,1.37769
227,Uganda,61.98600000,2016,3.363040892,7.002780033,8.333333333,8.398148148,7.000000000,7.892857143,3.750000000,6.128889094,8.287500000,4.730399908,8.647257101,7.453716468,7.952857152,7.41,6.769444547,Sub-Saharan Africa,145,3.739,0.34719,0.90981,0.19625,0.43653,0.06442,0.27102,1.51416
228,Ukraine,71.47634146,2016,4.546373559,7.382567982,8.333333333,5.857777778,5.500000000,7.099239115,9.250000000,6.586270408,7.085854562,4.519291988,4.880977321,6.558300939,6.863745425,5.98,6.283135204,Central and Eastern Europe,123,4.324,0.87287,1.01413,0.58628,0.12859,0.01829,0.20363,1.50066
229,Uruguay,77.49800000,2016,6.641640406,8.408217822,10.000000000,8.479629630,7.500000000,9.357142857,10.000000000,8.296141806,6.839554695,5.362794124,8.971845842,7.793198184,6.815292504,7.16,7.728070903,Latin America and Caribbean,29,6.545,1.18157,1.03143,0.72183,0.54388,0.21394,0.18056,2.67139
230,United States,78.53902439,2016,6.949911658,9.101098169,10.000000000,8.854074074,10.000000000,9.241503522,9.250000000,8.747310216,6.426333682,7.396209007,9.847874250,7.653328354,8.827599714,8.03,8.388655108,North America,13,7.104,1.50796,1.04782,0.77900,0.48163,0.14868,0.41077,2.72782
231,Vietnam,75.17200000,2016,4.912071090,8.630880895,3.333333333,5.895925926,1.500000000,5.843436781,9.250000000,5.968007600,7.607352941,5.060821486,6.468943360,6.276207440,6.701358455,6.42,6.194003800,Southeastern Asia,96,5.061,0.74037,0.79117,0.66157,0.55954,0.11556,0.25075,1.94180
232,South Africa,63.15300000,2016,5.728137568,6.044606200,10.000000000,9.364814815,10.000000000,8.904761905,9.250000000,7.695143614,6.043834210,5.185801311,8.081938440,6.777461423,7.168277200,6.65,7.172571807,Sub-Saharan Africa,116,4.459,1.02416,0.96053,0.18611,0.42483,0.08415,0.13656,1.64227
233,Zimbabwe,60.29400000,2016,3.507598954,7.610858901,5.000000000,6.427777778,2.500000000,6.650000000,3.333333333,5.170725575,6.146323529,3.750569595,8.298249478,5.561355160,6.547778391,6.06,5.615362787,Sub-Saharan Africa,131,4.193,0.35041,0.71478,0.15950,0.25429,0.08582,0.18503,2.44270
